{"cameraMode":{"drawMode":0,"name":"Shaded","section":"Shading Mode"},"sceneLighting":false,"audioPlay":false,"sceneViewState":{"m_AlwaysRefresh":false,"showFog":true,"showSkybox":false,"showFlares":true,"showImageEffects":true,"showParticleSystems":true,"showVisualEffectGraphs":true,"m_FxEnabled":true},"in2DMode":false,"pivot":{"x":0.05310344696044922,"y":0.819461464881897,"z":0.37629497051239016},"rotation":{"x":0.047946374863386157,"y":0.8848953247070313,"z":-0.09354587644338608,"w":0.453858345746994},"size":2.2084574699401857,"orthographic":false}