{"cameraMode":{"drawMode":0,"name":"Shaded","section":"Shading Mode"},"sceneLighting":false,"audioPlay":false,"sceneViewState":{"m_AlwaysRefresh":false,"showFog":true,"showSkybox":false,"showFlares":true,"showImageEffects":true,"showParticleSystems":true,"showVisualEffectGraphs":true,"m_FxEnabled":true},"in2DMode":false,"pivot":{"x":0.5211049318313599,"y":5.550599575042725,"z":-25.575410842895509},"rotation":{"x":0.1447942554950714,"y":0.08173618465662003,"z":-0.012203313410282135,"w":0.9861050248146057},"size":9.354290962219239,"orthographic":false}